Title,Genre,Rating,Purchase Link
POSSESSION,TERROR,CALIFICACIÓN SAM 16,/showcase/pelicula.aspx?filmid=4600
HURRY UP TOMORROW,SUSPENSO,CALIFICACIÓN SAM 16,/showcase/pelicula.aspx?filmid=4594
NAME THE DEMON,"SUSPENSO, SOBRENATURAL",CALIFICACIÓN SAM 13,/showcase/pelicula.aspx?filmid=4597
HOW TO TRAIN YOUR DRAGON,AVENTURAS,CALIFICACIÓN ATP C/L,/showcase/pelicula.aspx?filmid=4599
F1 THE MOVIE,ACCIÓN,CALIFICACIÓN SAM 13,/showcase/pelicula.aspx?filmid=4606
BALLERINA,ACCIÓN,CALIFICACIÓN SAM 16,/showcase/pelicula.aspx?filmid=4603
MILEY CYRUS: SOMETHING BEAUTIFUL,"CONCIERTO, MÚSICA",CALIFICACIÓN SAM 13,/showcase/pelicula.aspx?filmid=4590
ADO SPECIAL LIVE SHINZOU IN CINEMA,"CONCIERTO, MÚSICA",CALIFICACIÓN ATP,/showcase/pelicula.aspx?filmid=4586
LILO & STITCH,AVENTURAS,CALIFICACIÓN ATP,/showcase/pelicula.aspx?filmid=4568
MISSION: IMPOSSIBLE - THE FINAL RECKONING,ACCIÓN,CALIFICACIÓN SAM 13 C/R,/showcase/pelicula.aspx?filmid=4569
FINAL DESTINATION: BLOODLINES,TERROR,CALIFICACIÓN SAM 16,/showcase/pelicula.aspx?filmid=4542
Gekijô-ban Purojekuto Sekai Kowareta Sekai to Utaenai Miku,ANIMÉ,CALIFICACIÓN ATP C/L,/showcase/pelicula.aspx?filmid=4543
KARATE KID:LEGENDS,ACCIÓN,CALIFICACIÓN SAM 13,/showcase/pelicula.aspx?filmid=4526
THUNDERBOLTS*,ACCIÓN,CALIFICACIÓN SAM 13,/showcase/pelicula.aspx?filmid=4481
MAZEL TOV,COMEDIA,CALIFICACIÓN SAM 13,/showcase/pelicula.aspx?filmid=4471
SINNERS,SUSPENSO,CALIFICACIÓN SAM 13 C/R,/showcase/pelicula.aspx?filmid=4463
MINECRAFT,"AVENTURAS, ACCIÓN",CALIFICACIÓN ATP C/L,/showcase/pelicula.aspx?filmid=4374
